文件,单元格或行,修改前,修改后
10-08/马来/全部 笔订单-2026-10-08-10_57.xlsx,删除第5行,586451895436608528,已删除
10-08/马来/全部 笔订单-2026-10-08-10_57.xlsx,删除第6行,586448441980847340,已删除
10-08/马来/全部 笔订单-2026-10-08-10_57.xlsx,删除第7行,586448087565108957,已删除
10-08/马来/全部 笔订单-2026-10-08-10_57.xlsx,删除第8行,586448019335644971,已删除
10-08/马来/全部 笔订单-2026-10-08-10_57.xlsx,删除第9行,586447672408835547,已删除
10-08/马来/affiliate_orders_7693978074373605141.xlsx,删除第4行,586451895436608528,已删除
10-08/马来/新建文件夹/product_list_20260601.xlsx,D9,RM57.29,RM0.00
10-08/马来/新建文件夹/product_list_20260601.xlsx,K9,RM2.98,RM0.00
10-08/马来/新建文件夹/product_list_20260601.xlsx,R9,RM54.31,RM0.00
10-08/马来/新建文件夹/product_list_20260601.xlsx,S9,16,0
10-08/马来/新建文件夹/product_list_20260601.xlsx,T9,16,0
10-08/马来/新建文件夹/product_list_20260601.xlsx,U9,16,0
10-08/马来/新建文件夹/product_list_20260601.xlsx,V9,16,0
10-08/马来/新建文件夹/product_list_20260601.xlsx,W9,RM3.58,RM0.00
10-08/马来/新建文件夹/product_list_20260601.xlsx,AC9,27.12%,0.00%
10-08/马来/新建文件夹/product_list_20260601.xlsx,AI9,41.03%,0.00%
10-08/马来/新建文件夹/product_list_20260601.xlsx,AJ9,RM57.74,RM0.00
10-08/马来/新建文件夹/product_list_20260601.xlsx,AK9,RM0.45,RM0.00
10-08/马来/新建文件夹/product_list_20260601.xlsx,AL9,RM48.30,RM0.00
10-08/马来/新建文件夹/product_list_20260601.xlsx,AM9,RM54.20,RM0.00
10-08/马来/新建文件夹/product_list_20260601.xlsx,AT9,5,0
10-08/马来/新建文件夹/product_list_20260601.xlsx,AV9,21.74%,0.00%
10-08/马来/新建文件夹/product_list_20260601.xlsx,AW9,RM15.00,RM0.00
10-08/马来/新建文件夹/product_list_20260601.xlsx,AX9,5,0
10-08/马来/新建文件夹/product_list_20260601.xlsx,CW9,RM2.98,RM0.00
10-08/马来/新建文件夹/product_list_20260601.xlsx,DD9,1,0
10-08/马来/新建文件夹/product_list_20260601.xlsx,DE9,1,0
10-08/马来/新建文件夹/product_list_20260601.xlsx,DF9,1,0
10-08/马来/新建文件夹/product_list_20260601.xlsx,DG9,1,0
10-08/马来/新建文件夹/product_list_20260601.xlsx,DH9,RM2.98,RM0.00
10-08/马来/新建文件夹/product_list_20260601.xlsx,DQ9,9.09%,0.00%
10-08/马来/新建文件夹/product_list_20260601.xlsx,DW9,25.00%,0.00%
10-08/马来/新建文件夹/product_list_20260601.xlsx,EV9,RM54.31,RM0.00
10-08/马来/新建文件夹/product_list_20260601.xlsx,EW9,RM54.31,RM0.00
10-08/马来/新建文件夹/product_list_20260601.xlsx,EY9,15,0
10-08/马来/新建文件夹/product_list_20260601.xlsx,EZ9,15,0
10-08/马来/新建文件夹/product_list_20260601.xlsx,FA9,15,0
10-08/马来/新建文件夹/product_list_20260601.xlsx,FC9,15,0
10-08/马来/新建文件夹/product_list_20260601.xlsx,FD9,15,0
10-08/马来/新建文件夹/product_list_20260601.xlsx,FF9,15,0
10-08/马来/新建文件夹/product_list_20260601.xlsx,FG9,RM3.62,RM0.00
10-08/马来/新建文件夹/product_list_20260601.xlsx,FM9,31.25%,0.00%
10-08/马来/新建文件夹/product_list_20260601.xlsx,FS9,62.50%,0.00%
10-08/马来/新建文件夹/加购/product_list_20261007.xlsx,D6,RM11.98,RM0.00
10-08/马来/新建文件夹/加购/product_list_20261007.xlsx,K6,RM2.98,RM0.00
10-08/马来/新建文件夹/加购/product_list_20261007.xlsx,R6,RM9.00,RM0.00
10-08/马来/新建文件夹/加购/product_list_20261007.xlsx,S6,4,0
10-08/马来/新建文件夹/加购/product_list_20261007.xlsx,T6,4,0
10-08/马来/新建文件夹/加购/product_list_20261007.xlsx,U6,4,0
10-08/马来/新建文件夹/加购/product_list_20261007.xlsx,V6,4,0
10-08/马来/新建文件夹/加购/product_list_20261007.xlsx,W6,RM3.00,RM0.00
10-08/马来/新建文件夹/加购/product_list_20261007.xlsx,AC6,20.00%,0.00%
10-08/马来/新建文件夹/加购/product_list_20261007.xlsx,AI6,33.33%,0.00%
10-08/马来/新建文件夹/加购/product_list_20261007.xlsx,AJ6,RM11.98,RM0.00
10-08/马来/新建文件夹/加购/product_list_20261007.xlsx,AM6,RM17.60,RM0.00
10-08/马来/新建文件夹/加购/product_list_20261007.xlsx,AT6,1,0
10-08/马来/新建文件夹/加购/product_list_20261007.xlsx,AV6,10.00%,0.00%
10-08/马来/新建文件夹/加购/product_list_20261007.xlsx,AW6,RM3.00,RM0.00
10-08/马来/新建文件夹/加购/product_list_20261007.xlsx,AX6,1,0
10-08/马来/新建文件夹/加购/product_list_20261007.xlsx,CW6,RM2.98,RM0.00
10-08/马来/新建文件夹/加购/product_list_20261007.xlsx,DD6,1,0
10-08/马来/新建文件夹/加购/product_list_20261007.xlsx,DE6,1,0
10-08/马来/新建文件夹/加购/product_list_20261007.xlsx,DF6,1,0
10-08/马来/新建文件夹/加购/product_list_20261007.xlsx,DG6,1,0
10-08/马来/新建文件夹/加购/product_list_20261007.xlsx,DH6,RM2.98,RM0.00
10-08/马来/新建文件夹/加购/product_list_20261007.xlsx,DQ6,50.00%,0.00%
10-08/马来/新建文件夹/加购/product_list_20261007.xlsx,EV6,RM9.00,RM0.00
10-08/马来/新建文件夹/加购/product_list_20261007.xlsx,EW6,RM9.00,RM0.00
10-08/马来/新建文件夹/加购/product_list_20261007.xlsx,EY6,3,0
10-08/马来/新建文件夹/加购/product_list_20261007.xlsx,EZ6,3,0
10-08/马来/新建文件夹/加购/product_list_20261007.xlsx,FA6,3,0
10-08/马来/新建文件夹/加购/product_list_20261007.xlsx,FC6,3,0
10-08/马来/新建文件夹/加购/product_list_20261007.xlsx,FD6,3,0
10-08/马来/新建文件夹/加购/product_list_20261007.xlsx,FF6,3,0
10-08/马来/新建文件夹/加购/product_list_20261007.xlsx,FG6,RM3.00,RM0.00
10-08/马来/新建文件夹/加购/product_list_20261007.xlsx,FM6,16.67%,0.00%
10-08/马来/Shop Analytics_Key metrics_20261008.xlsx,B4,95.25,83.27
10-08/马来/Shop Analytics_Key metrics_20261008.xlsx,C4,6,2
10-08/马来/Shop Analytics_Key metrics_20261008.xlsx,D4,6,2
10-08/马来/Shop Analytics_Key metrics_20261008.xlsx,E4,6,2
10-08/马来/Shop Analytics_Key metrics_20261008.xlsx,G4,6,2
10-08/马来/Shop Analytics_Key metrics_20261008.xlsx,H4,108.87,96.87
10-08/马来/Shop Analytics_Key metrics_20261008.xlsx,K4,0.03260869565217391,0.01086956521739130434782608696
10-08/马来/Shop Analytics_Key metrics_20261008.xlsx,P4,15.88,41.64
10-08/马来/Shop Analytics_Key metrics_20261008.xlsx,B9,9,0.00
10-08/马来/Shop Analytics_Key metrics_20261008.xlsx,C9,3,0
10-08/马来/Shop Analytics_Key metrics_20261008.xlsx,D9,3,0
10-08/马来/Shop Analytics_Key metrics_20261008.xlsx,E9,3,0
10-08/马来/Shop Analytics_Key metrics_20261008.xlsx,G9,3,0
10-08/马来/Shop Analytics_Key metrics_20261008.xlsx,K9,0.1875,0
10-08/马来/Shop Analytics_Key metrics_20261008.xlsx,P9,3,0
10-08/马来/Shop Analytics_Key metrics_20261008.xlsx,B18,2.98,0.00
10-08/马来/Shop Analytics_Key metrics_20261008.xlsx,C18,1,0
10-08/马来/Shop Analytics_Key metrics_20261008.xlsx,D18,1,0
10-08/马来/Shop Analytics_Key metrics_20261008.xlsx,E18,1,0
10-08/马来/Shop Analytics_Key metrics_20261008.xlsx,G18,1,0
10-08/马来/Shop Analytics_Key metrics_20261008.xlsx,K18,0.07692307692307693,0
10-08/马来/Shop Analytics_Key metrics_20261008.xlsx,P18,2.98,0
10-08/马来/Campaign overview data 20261007 - 20261007.xlsx,C11,1,0
10-08/马来/Campaign overview data 20261007 - 20261007.xlsx,D11,1.17,0.00
10-08/马来/Campaign overview data 20261007 - 20261007.xlsx,E11,0.73,0.00
10-08/马来/Campaign overview data 20261007 - 20261007.xlsx,F11,0.63,0.00
10-08/马来/Campaign overview data 20261007 - 20261007.xlsx,C26,3,2
10-08/马来/Campaign overview data 20261007 - 20261007.xlsx,D26,6.45,9.67
10-08/马来/Campaign overview data 20261007 - 20261007.xlsx,E26,24.44,23.71
10-08/马来/Campaign overview data 20261007 - 20261007.xlsx,F26,1.26,1.23
