文件,单元格,修改前,修改后
10-02/马来/Campaign overview data 20261001 - 20261001.xlsx,B8,4.90,4.89
10-02/马来/Campaign overview data 20261001 - 20261001.xlsx,B11,2.11,2.10
10-02/马来/Campaign overview data 20261001 - 20261001.xlsx,D11,2.11,2.10
10-02/马来/Campaign overview data 20261001 - 20261001.xlsx,F11,6.85,6.89
10-02/马来/Campaign overview data 20261001 - 20261001.xlsx,E18,14.46,14.45
10-02/马来/Campaign overview data 20261001 - 20261001.xlsx,F18,23.70,23.69
10-02/马来/Campaign overview data 20261001 - 20261001.xlsx,B25,3.88,3.87
10-02/马来/Campaign overview data 20261001 - 20261001.xlsx,B26,29.91,29.88
10-02/马来/Campaign overview data 20261001 - 20261001.xlsx,D26,9.97,9.96
10-03/马来/Campaign overview data 20261002 - 20261002.xlsx,F2,7.12,7.11
10-03/马来/Campaign overview data 20261002 - 20261002.xlsx,B8,4.99,4.98
10-03/马来/Campaign overview data 20261002 - 20261002.xlsx,B9,3.06,3.05
10-03/马来/Campaign overview data 20261002 - 20261002.xlsx,B13,2.51,2.50
10-03/马来/Campaign overview data 20261002 - 20261002.xlsx,B26,25.45,25.42
10-03/马来/Campaign overview data 20261002 - 20261002.xlsx,D26,25.45,25.42
10-04/马来/Campaign overview data 20261003 - 20261003.xlsx,B12,3.96,3.97
10-04/马来/Campaign overview data 20261003 - 20261003.xlsx,D12,3.96,3.97
10-04/马来/Campaign overview data 20261003 - 20261003.xlsx,F12,2.41,2.40
10-04/马来/Campaign overview data 20261003 - 20261003.xlsx,E19,14.44,14.43
10-04/马来/Campaign overview data 20261003 - 20261003.xlsx,F19,240.62,240.50
10-04/马来/Campaign overview data 20261003 - 20261003.xlsx,F24,238.65,238.75
10-04/马来/Campaign overview data 20261003 - 20261003.xlsx,B26,25.10,25.11
10-05/马来/Campaign overview data 20261004 - 20261004.xlsx,E17,42.10,42.11
10-05/马来/Campaign overview data 20261004 - 20261004.xlsx,B22,9.64,9.65
10-05/马来/Campaign overview data 20261004 - 20261004.xlsx,B26,73.39,73.40
10-05/马来/Campaign overview data 20261004 - 20261004.xlsx,D26,9.17,9.18
10-06/马来/Campaign overview data 20261005 - 20261005.xlsx,B2,5.96,5.80
10-06/马来/Campaign overview data 20261005 - 20261005.xlsx,B3,2.36,2.30
10-06/马来/Campaign overview data 20261005 - 20261005.xlsx,B4,0.35,0.34
10-06/马来/Campaign overview data 20261005 - 20261005.xlsx,B6,0.25,0.24
10-06/马来/Campaign overview data 20261005 - 20261005.xlsx,B8,1.22,1.19
10-06/马来/Campaign overview data 20261005 - 20261005.xlsx,B9,0.60,0.58
10-06/马来/Campaign overview data 20261005 - 20261005.xlsx,B10,0.31,0.30
10-06/马来/Campaign overview data 20261005 - 20261005.xlsx,B11,0.81,0.79
10-06/马来/Campaign overview data 20261005 - 20261005.xlsx,B12,1.02,0.99
10-06/马来/Campaign overview data 20261005 - 20261005.xlsx,B13,1.43,1.39
10-06/马来/Campaign overview data 20261005 - 20261005.xlsx,B14,0.39,0.38
10-06/马来/Campaign overview data 20261005 - 20261005.xlsx,B15,0.65,0.63
10-06/马来/Campaign overview data 20261005 - 20261005.xlsx,B16,0.21,0.20
10-06/马来/Campaign overview data 20261005 - 20261005.xlsx,B17,0.34,0.33
10-06/马来/Campaign overview data 20261005 - 20261005.xlsx,B18,1.43,1.39
10-06/马来/Campaign overview data 20261005 - 20261005.xlsx,B20,0.83,0.81
10-06/马来/Campaign overview data 20261005 - 20261005.xlsx,D20,0.83,0.81
10-06/马来/Campaign overview data 20261005 - 20261005.xlsx,E20,14.44,14.45
10-06/马来/Campaign overview data 20261005 - 20261005.xlsx,F20,17.40,17.84
10-06/马来/Campaign overview data 20261005 - 20261005.xlsx,B21,0.54,0.53
10-06/马来/Campaign overview data 20261005 - 20261005.xlsx,B22,0.80,0.78
10-06/马来/Campaign overview data 20261005 - 20261005.xlsx,D22,0.80,0.78
10-06/马来/Campaign overview data 20261005 - 20261005.xlsx,F22,17.08,17.51
10-06/马来/Campaign overview data 20261005 - 20261005.xlsx,B23,1.68,1.63
10-06/马来/Campaign overview data 20261005 - 20261005.xlsx,B24,1.11,1.08
10-06/马来/Campaign overview data 20261005 - 20261005.xlsx,D24,1.11,1.08
10-06/马来/Campaign overview data 20261005 - 20261005.xlsx,F24,8.61,8.84
10-06/马来/Campaign overview data 20261005 - 20261005.xlsx,B25,0.59,0.57
10-06/马来/Campaign overview data 20261005 - 20261005.xlsx,B26,23.27,22.64
10-06/马来/Campaign overview data 20261005 - 20261005.xlsx,D26,7.76,7.55
10-06/马来/Campaign overview data 20261005 - 20261005.xlsx,F26,1.62,1.66
10-07/马来/Campaign overview data 20261006 - 20261006.xlsx,B2,1.10,1.09
10-07/马来/Campaign overview data 20261006 - 20261006.xlsx,B3,0.88,0.87
10-07/马来/Campaign overview data 20261006 - 20261006.xlsx,B4,0.77,0.76
10-07/马来/Campaign overview data 20261006 - 20261006.xlsx,E6,43.34,43.35
10-07/马来/Campaign overview data 20261006 - 20261006.xlsx,F6,131.34,131.36
10-07/马来/Campaign overview data 20261006 - 20261006.xlsx,B7,0.97,0.96
10-07/马来/Campaign overview data 20261006 - 20261006.xlsx,B8,3.58,3.54
10-07/马来/Campaign overview data 20261006 - 20261006.xlsx,B9,3.38,3.34
10-07/马来/Campaign overview data 20261006 - 20261006.xlsx,B10,5.94,5.87
10-07/马来/Campaign overview data 20261006 - 20261006.xlsx,B11,5.48,5.42
10-07/马来/Campaign overview data 20261006 - 20261006.xlsx,B12,4.60,4.55
10-07/马来/Campaign overview data 20261006 - 20261006.xlsx,B13,3.43,3.39
10-07/马来/Campaign overview data 20261006 - 20261006.xlsx,B14,2.76,2.73
10-07/马来/Campaign overview data 20261006 - 20261006.xlsx,B15,2.96,2.93
10-07/马来/Campaign overview data 20261006 - 20261006.xlsx,B16,1.24,1.23
10-07/马来/Campaign overview data 20261006 - 20261006.xlsx,B17,0.58,0.57
10-07/马来/Campaign overview data 20261006 - 20261006.xlsx,B18,0.49,0.48
10-07/马来/Campaign overview data 20261006 - 20261006.xlsx,B19,0.54,0.53
10-07/马来/Campaign overview data 20261006 - 20261006.xlsx,B20,1.09,1.08
10-07/马来/Campaign overview data 20261006 - 20261006.xlsx,B23,0.60,0.59
10-07/马来/Campaign overview data 20261006 - 20261006.xlsx,B26,42.12,41.66
10-07/马来/Campaign overview data 20261006 - 20261006.xlsx,D26,42.12,41.66
10-07/马来/Campaign overview data 20261006 - 20261006.xlsx,E26,43.34,43.35
10-07/马来/Campaign overview data 20261006 - 20261006.xlsx,F26,1.03,1.04
10-07/马来/新建文件夹 (2)/Product data 2026-10-06 - 2026-10-06 - Campaign 1871565679015985.xlsx,D2,36.57,36.59
10-07/马来/新建文件夹 (2)/Product data 2026-10-06 - 2026-10-06 - Campaign 1871565679015985.xlsx,F2,36.57,36.59
10-07/马来/新建文件夹 (2)/Product data 2026-10-06 - 2026-10-06 - Campaign 1871565679015985.xlsx,G2,43.34,43.35
10-07/马来/新建文件夹 (2)/Product data 2026-10-06 - 2026-10-06 - Campaign 1871565679015985.xlsx,H2,1.19,1.18
